t,v_cmd,w_cmd,v_meas,w_meas,e_v,e_w,left_voltage,right_voltage,x_gt,y_gt,yaw_gt
0.016000,0.000000,2.000000,0.003171,-0.000000,-0.003171,2.000000,-1.052000,1.052000,0.000000,0.000008,0.000000
0.016000,0.000000,2.000000,0.003171,-0.000000,-0.003171,2.000000,-1.052000,1.052000,0.000000,0.000008,0.000000
0.032000,0.000000,2.000000,0.000458,2.103110,-0.000458,-0.103110,-1.048700,1.048700,-0.000000,0.000006,0.000000
0.032000,0.000000,2.000000,0.000458,2.103110,-0.000458,-0.103110,-1.048700,1.048700,-0.000000,0.000006,0.000000
0.048000,0.000000,2.000000,0.000353,2.096366,-0.000353,-0.096366,-1.045617,1.045617,-0.000000,0.000005,0.000000
0.048000,0.000000,2.000000,0.000353,2.096366,-0.000353,-0.096366,-1.045617,1.045617,-0.000000,0.000005,0.000000
0.064000,0.000000,2.000000,0.000284,2.090233,-0.000284,-0.090233,-1.042729,1.042729,-0.000000,0.000004,0.000000
0.064000,0.000000,2.000000,0.000284,2.090233,-0.000284,-0.090233,-1.042729,1.042729,-0.000000,0.000004,0.000000
0.080000,0.000000,2.000000,0.000230,2.084485,-0.000230,-0.084485,-1.040026,1.040026,-0.000000,0.000002,0.000000
0.080000,0.000000,2.000000,0.000230,2.084485,-0.000230,-0.084485,-1.040026,1.040026,-0.000000,0.000002,0.000000
0.096000,0.000000,2.000000,0.000186,2.079106,-0.000186,-0.079106,-1.037494,1.037494,-0.000000,0.000001,0.000000
0.096000,0.000000,2.000000,0.000186,2.079106,-0.000186,-0.079106,-1.037494,1.037494,-0.000000,0.000001,0.000000
0.112000,0.000000,2.000000,0.000152,2.074070,-0.000152,-0.074070,-1.035124,1.035124,-0.000000,0.000000,0.000000
0.112000,0.000000,2.000000,0.000152,2.074070,-0.000152,-0.074070,-1.035124,1.035124,-0.000000,0.000000,0.000000
0.128000,0.000000,2.000000,0.000125,2.069355,-0.000125,-0.069355,-1.032905,1.032905,-0.000000,-0.000001,0.000000
0.128000,0.000000,2.000000,0.000125,2.069355,-0.000125,-0.069355,-1.032905,1.032905,-0.000000,-0.000001,0.000000
0.144000,0.000000,2.000000,0.000105,2.064939,-0.000105,-0.064939,-1.030827,1.030827,-0.000000,-0.000001,0.000000
0.144000,0.000000,2.000000,0.000105,2.064939,-0.000105,-0.064939,-1.030827,1.030827,-0.000000,-0.000001,0.000000
0.160000,0.000000,2.000000,0.000089,2.060803,-0.000089,-0.060803,-1.028881,1.028881,-0.000000,-0.000002,0.000000
0.160000,0.000000,2.000000,0.000089,2.060803,-0.000089,-0.060803,-1.028881,1.028881,-0.000000,-0.000002,0.000000
0.176000,0.000000,2.000000,0.000076,2.056929,-0.000076,-0.056929,-1.027059,1.027059,-0.000000,-0.000003,0.000000
0.176000,0.000000,2.000000,0.000076,2.056929,-0.000076,-0.056929,-1.027059,1.027059,-0.000000,-0.000003,0.000000
0.192000,0.000000,2.000000,0.000067,2.053301,-0.000067,-0.053301,-1.025354,1.025354,-0.000000,-0.000004,0.000000
0.192000,0.000000,2.000000,0.000067,2.053301,-0.000067,-0.053301,-1.025354,1.025354,-0.000000,-0.000004,0.000000
0.208000,0.000000,2.000000,0.000061,2.049902,-0.000061,-0.049902,-1.023757,1.023757,-0.000000,-0.000005,0.000000
0.208000,0.000000,2.000000,0.000061,2.049902,-0.000061,-0.049902,-1.023757,1.023757,-0.000000,-0.000005,0.000000
0.224000,0.000000,2.000000,0.000056,2.046720,-0.000056,-0.046720,-1.022262,1.022262,-0.000000,-0.000006,0.000000
0.224000,0.000000,2.000000,0.000056,2.046720,-0.000056,-0.046720,-1.022262,1.022262,-0.000000,-0.000006,0.000000
0.240000,0.000000,2.000000,0.000053,2.043739,-0.000053,-0.043739,-1.020862,1.020862,-0.000000,-0.000006,0.000000
0.240000,0.000000,2.000000,0.000053,2.043739,-0.000053,-0.043739,-1.020862,1.020862,-0.000000,-0.000006,0.000000
0.256000,0.000000,2.000000,0.000050,2.040947,-0.000050,-0.040947,-1.019552,1.019552,-0.000000,-0.000007,0.000000
0.256000,0.000000,2.000000,0.000050,2.040947,-0.000050,-0.040947,-1.019552,1.019552,-0.000000,-0.000007,0.000000
0.272000,0.000000,2.000000,0.000048,2.038334,-0.000048,-0.038334,-1.018325,1.018325,-0.000000,-0.000008,0.000000
0.272000,0.000000,2.000000,0.000048,2.038334,-0.000048,-0.038334,-1.018325,1.018325,-0.000000,-0.000008,0.000000
0.288000,0.000000,2.000000,0.000047,2.035886,-0.000047,-0.035886,-1.017177,1.017177,-0.000000,-0.000008,0.000000
0.288000,0.000000,2.000000,0.000047,2.035886,-0.000047,-0.035886,-1.017177,1.017177,-0.000000,-0.000008,0.000000
0.304000,0.000000,2.000000,0.000046,2.033595,-0.000046,-0.033595,-1.016102,1.016102,-0.000000,-0.000009,0.000000
0.304000,0.000000,2.000000,0.000046,2.033595,-0.000046,-0.033595,-1.016102,1.016102,-0.000000,-0.000009,0.000000
0.320000,0.000000,2.000000,0.000046,2.031449,-0.000046,-0.031449,-1.015095,1.015095,-0.000000,-0.000010,0.000000
0.320000,0.000000,2.000000,0.000046,2.031449,-0.000046,-0.031449,-1.015095,1.015095,-0.000000,-0.000010,0.000000
0.336000,0.000000,2.000000,0.000044,2.029440,-0.000044,-0.029440,-1.014153,1.014153,-0.000000,-0.000011,0.000000
0.336000,0.000000,2.000000,0.000044,2.029440,-0.000044,-0.029440,-1.014153,1.014153,-0.000000,-0.000011,0.000000
0.352000,0.000000,2.000000,0.000040,2.027559,-0.000040,-0.027559,-1.013271,1.013271,-0.000000,-0.000011,0.000000
0.352000,0.000000,2.000000,0.000040,2.027559,-0.000040,-0.027559,-1.013271,1.013271,-0.000000,-0.000011,0.000000
0.368000,0.000000,2.000000,0.000038,2.025799,-0.000038,-0.025799,-1.012446,1.012446,-0.000000,-0.000012,0.000000
0.368000,0.000000,2.000000,0.000038,2.025799,-0.000038,-0.025799,-1.012446,1.012446,-0.000000,-0.000012,0.000000
0.384000,0.000000,2.000000,0.000036,2.024150,-0.000036,-0.024150,-1.011673,1.011673,-0.000000,-0.000012,0.000000
0.384000,0.000000,2.000000,0.000036,2.024150,-0.000036,-0.024150,-1.011673,1.011673,-0.000000,-0.000012,0.000000
0.400000,0.000000,2.000000,0.000034,2.022607,-0.000034,-0.022607,-1.010950,1.010950,-0.000000,-0.000013,0.000000
0.400000,0.000000,2.000000,0.000034,2.022607,-0.000034,-0.022607,-1.010950,1.010950,-0.000000,-0.000013,0.000000
0.416000,0.000000,2.000000,0.000032,2.021162,-0.000032,-0.021162,-1.010272,1.010272,-0.000000,-0.000013,0.000000
0.416000,0.000000,2.000000,0.000032,2.021162,-0.000032,-0.021162,-1.010272,1.010272,-0.000000,-0.000013,0.000000
0.432000,0.000000,2.000000,0.000031,2.019810,-0.000031,-0.019810,-1.009639,1.009639,-0.000000,-0.000014,0.000000
0.432000,0.000000,2.000000,0.000031,2.019810,-0.000031,-0.019810,-1.009639,1.009639,-0.000000,-0.000014,0.000000
0.448000,0.000000,2.000000,0.000030,2.018544,-0.000030,-0.018544,-1.009045,1.009045,-0.000000,-0.000014,0.000000
0.448000,0.000000,2.000000,0.000030,2.018544,-0.000030,-0.018544,-1.009045,1.009045,-0.000000,-0.000014,0.000000
0.464000,0.000000,2.000000,0.000029,2.017359,-0.000029,-0.017359,-1.008490,1.008490,-0.000000,-0.000015,0.000000
0.464000,0.000000,2.000000,0.000029,2.017359,-0.000029,-0.017359,-1.008490,1.008490,-0.000000,-0.000015,0.000000
0.480000,0.000000,2.000000,0.000028,2.016249,-0.000028,-0.016249,-1.007970,1.007970,-0.000000,-0.000015,0.000000
0.480000,0.000000,2.000000,0.000028,2.016249,-0.000028,-0.016249,-1.007970,1.007970,-0.000000,-0.000015,0.000000
0.496000,0.000000,2.000000,0.000028,2.015211,-0.000028,-0.015211,-1.007483,1.007483,-0.000000,-0.000016,0.000000
0.496000,0.000000,2.000000,0.000028,2.015211,-0.000028,-0.015211,-1.007483,1.007483,-0.000000,-0.000016,0.000000
0.512000,0.000000,2.000000,0.000027,2.014238,-0.000027,-0.014238,-1.007027,1.007027,-0.000000,-0.000016,0.000000
0.512000,0.000000,2.000000,0.000027,2.014238,-0.000027,-0.014238,-1.007027,1.007027,-0.000000,-0.000016,0.000000
0.528000,0.000000,2.000000,0.000027,2.013328,-0.000027,-0.013328,-1.006601,1.006601,-0.000000,-0.000017,0.000000
0.528000,0.000000,2.000000,0.000027,2.013328,-0.000027,-0.013328,-1.006601,1.006601,-0.000000,-0.000017,0.000000
0.544000,0.000000,2.000000,0.000026,2.012476,-0.000026,-0.012476,-1.006202,1.006202,-0.000000,-0.000017,0.000000
0.544000,0.000000,2.000000,0.000026,2.012476,-0.000026,-0.012476,-1.006202,1.006202,-0.000000,-0.000017,0.000000
0.560000,0.000000,2.000000,0.000001,2.011679,-0.000001,-0.011679,-1.005828,1.005828,-0.000000,-0.000017,0.000000
0.560000,0.000000,2.000000,0.000001,2.011679,-0.000001,-0.011679,-1.005828,1.005828,-0.000000,-0.000017,0.000000
0.576000,0.000000,2.000000,0.000000,2.010932,-0.000000,-0.010932,-1.005478,1.005478,-0.000000,-0.000017,0.000000
0.576000,0.000000,2.000000,0.000000,2.010932,-0.000000,-0.010932,-1.005478,1.005478,-0.000000,-0.000017,0.000000
0.592000,0.000000,2.000000,0.000000,2.010233,-0.000000,-0.010233,-1.005151,1.005151,-0.000000,-0.000017,0.000000
0.592000,0.000000,2.000000,0.000000,2.010233,-0.000000,-0.010233,-1.005151,1.005151,-0.000000,-0.000017,0.000000
0.608000,0.000000,2.000000,0.000000,2.009579,-0.000000,-0.009579,-1.004844,1.004844,-0.000000,-0.000017,0.000000
0.608000,0.000000,2.000000,0.000000,2.009579,-0.000000,-0.009579,-1.004844,1.004844,-0.000000,-0.000017,0.000000
0.624000,0.000000,2.000000,0.000000,2.008967,-0.000000,-0.008967,-1.004557,1.004557,-0.000000,-0.000017,0.000000
0.624000,0.000000,2.000000,0.000000,2.008967,-0.000000,-0.008967,-1.004557,1.004557,-0.000000,-0.000017,0.000000
0.640000,0.000000,2.000000,0.000000,2.008394,-0.000000,-0.008394,-1.004289,1.004289,-0.000000,-0.000017,0.000000
0.640000,0.000000,2.000000,0.000000,2.008394,-0.000000,-0.008394,-1.004289,1.004289,-0.000000,-0.000017,0.000000
0.656000,0.000000,2.000000,0.000000,2.007857,-0.000000,-0.007857,-1.004037,1.004037,-0.000000,-0.000017,0.000000
0.656000,0.000000,2.000000,0.000000,2.007857,-0.000000,-0.007857,-1.004037,1.004037,-0.000000,-0.000017,0.000000
0.672000,0.000000,2.000000,0.000000,2.007355,-0.000000,-0.007355,-1.003802,1.003802,-0.000000,-0.000017,0.000000
0.672000,0.000000,2.000000,0.000000,2.007355,-0.000000,-0.007355,-1.003802,1.003802,-0.000000,-0.000017,0.000000
0.688000,0.000000,2.000000,0.000000,2.006885,-0.000000,-0.006885,-1.003581,1.003581,-0.000000,-0.000017,0.000000
0.688000,0.000000,2.000000,0.000000,2.006885,-0.000000,-0.006885,-1.003581,1.003581,-0.000000,-0.000017,0.000000
0.704000,0.000000,2.000000,0.000000,2.006444,-0.000000,-0.006444,-1.003375,1.003375,-0.000000,-0.000017,0.000000
0.704000,0.000000,2.000000,0.000000,2.006444,-0.000000,-0.006444,-1.003375,1.003375,-0.000000,-0.000017,0.000000
0.720000,0.000000,2.000000,0.000000,2.006032,-0.000000,-0.006032,-1.003182,1.003182,-0.000000,-0.000017,0.000000
0.720000,0.000000,2.000000,0.000000,2.006032,-0.000000,-0.006032,-1.003182,1.003182,-0.000000,-0.000017,0.000000
0.736000,0.000000,2.000000,0.000000,2.005647,-0.000000,-0.005647,-1.003001,1.003001,-0.000000,-0.000017,0.000000
0.736000,0.000000,2.000000,0.000000,2.005647,-0.000000,-0.005647,-1.003001,1.003001,-0.000000,-0.000017,0.000000
0.752000,0.000000,2.000000,0.000000,2.005286,-0.000000,-0.005286,-1.002832,1.002832,-0.000000,-0.000017,0.000000
0.752000,0.000000,2.000000,0.000000,2.005286,-0.000000,-0.005286,-1.002832,1.002832,-0.000000,-0.000017,0.000000
0.768000,0.000000,2.000000,0.000000,2.004948,-0.000000,-0.004948,-1.002674,1.002674,-0.000000,-0.000017,0.000000
0.768000,0.000000,2.000000,0.000000,2.004948,-0.000000,-0.004948,-1.002674,1.002674,-0.000000,-0.000017,0.000000
0.784000,0.000000,2.000000,0.000000,2.004632,-0.000000,-0.004632,-1.002526,1.002526,-0.000000,-0.000017,0.000000
0.784000,0.000000,2.000000,0.000000,2.004632,-0.000000,-0.004632,-1.002526,1.002526,-0.000000,-0.000017,0.000000
0.800000,0.000000,2.000000,0.000000,2.004336,-0.000000,-0.004336,-1.002387,1.002387,-0.000000,-0.000017,0.000000
0.800000,0.000000,2.000000,0.000000,2.004336,-0.000000,-0.004336,-1.002387,1.002387,-0.000000,-0.000017,0.000000
0.816000,0.000000,2.000000,0.000000,2.004058,-0.000000,-0.004058,-1.002257,1.002257,-0.000000,-0.000017,0.000000
0.816000,0.000000,2.000000,0.000000,2.004058,-0.000000,-0.004058,-1.002257,1.002257,-0.000000,-0.000017,0.000000
0.831999,0.000000,2.000000,0.000000,2.003799,-0.000000,-0.003799,-1.002136,1.002136,-0.000000,-0.000017,0.000000
0.831999,0.000000,2.000000,0.000000,2.003799,-0.000000,-0.003799,-1.002136,1.002136,-0.000000,-0.000017,0.000000
0.847999,0.000000,2.000000,0.000000,2.003556,-0.000000,-0.003556,-1.002022,1.002022,-0.000000,-0.000017,0.000000
0.847999,0.000000,2.000000,0.000000,2.003556,-0.000000,-0.003556,-1.002022,1.002022,-0.000000,-0.000017,0.000000
0.863999,0.000000,2.000000,0.000000,2.003329,-0.000000,-0.003329,-1.001915,1.001915,-0.000000,-0.000017,0.000000
0.863999,0.000000,2.000000,0.000000,2.003329,-0.000000,-0.003329,-1.001915,1.001915,-0.000000,-0.000017,0.000000
0.879999,0.000000,2.000000,0.000000,2.003115,-0.000000,-0.003115,-1.001816,1.001816,-0.000000,-0.000017,0.000000
0.879999,0.000000,2.000000,0.000000,2.003115,-0.000000,-0.003115,-1.001816,1.001816,-0.000000,-0.000017,0.000000
0.895999,0.000000,2.000000,0.000000,2.002916,-0.000000,-0.002916,-1.001722,1.001722,-0.000000,-0.000017,0.000000
0.895999,0.000000,2.000000,0.000000,2.002916,-0.000000,-0.002916,-1.001722,1.001722,-0.000000,-0.000017,0.000000
0.911999,0.000000,2.000000,0.000000,2.002730,-0.000000,-0.002730,-1.001635,1.001635,-0.000000,-0.000017,0.000000
0.911999,0.000000,2.000000,0.000000,2.002730,-0.000000,-0.002730,-1.001635,1.001635,-0.000000,-0.000017,0.000000
0.927999,0.000000,2.000000,0.000000,2.002555,-0.000000,-0.002555,-1.001553,1.001553,-0.000000,-0.000017,0.000000
0.927999,0.000000,2.000000,0.000000,2.002555,-0.000000,-0.002555,-1.001553,1.001553,-0.000000,-0.000017,0.000000
0.943999,0.000000,2.000000,0.000000,2.002392,-0.000000,-0.002392,-1.001477,1.001477,-0.000000,-0.000017,0.000000
0.943999,0.000000,2.000000,0.000000,2.002392,-0.000000,-0.002392,-1.001477,1.001477,-0.000000,-0.000017,0.000000
0.959999,0.000000,2.000000,0.000000,2.002239,-0.000000,-0.002239,-1.001405,1.001405,-0.000000,-0.000017,0.000000
0.959999,0.000000,2.000000,0.000000,2.002239,-0.000000,-0.002239,-1.001405,1.001405,-0.000000,-0.000017,0.000000
0.975999,0.000000,2.000000,0.000000,2.002095,-0.000000,-0.002095,-1.001338,1.001338,-0.000000,-0.000017,0.000000
0.975999,0.000000,2.000000,0.000000,2.002095,-0.000000,-0.002095,-1.001338,1.001338,-0.000000,-0.000017,0.000000
0.991999,0.000000,2.000000,0.000000,2.001961,-0.000000,-0.001961,-1.001275,1.001275,-0.000000,-0.000017,0.000000
0.991999,0.000000,2.000000,0.000000,2.001961,-0.000000,-0.001961,-1.001275,1.001275,-0.000000,-0.000017,0.000000
1.007999,0.000000,2.000000,0.000000,2.001836,-0.000000,-0.001836,-1.001216,1.001216,-0.000000,-0.000017,0.000000
1.007999,0.000000,2.000000,0.000000,2.001836,-0.000000,-0.001836,-1.001216,1.001216,-0.000000,-0.000017,0.000000
1.023999,0.000000,2.000000,0.000000,2.001718,-0.000000,-0.001718,-1.001161,1.001161,-0.000000,-0.000017,0.000000
1.023999,0.000000,2.000000,0.000000,2.001718,-0.000000,-0.001718,-1.001161,1.001161,-0.000000,-0.000017,0.000000
1.039999,0.000000,2.000000,0.000000,2.001608,-0.000000,-0.001608,-1.001110,1.001110,-0.000000,-0.000017,0.000000
1.039999,0.000000,2.000000,0.000000,2.001608,-0.000000,-0.001608,-1.001110,1.001110,-0.000000,-0.000017,0.000000
1.055999,0.000000,2.000000,0.000000,2.001505,-0.000000,-0.001505,-1.001062,1.001062,-0.000000,-0.000017,0.000000
1.055999,0.000000,2.000000,0.000000,2.001505,-0.000000,-0.001505,-1.001062,1.001062,-0.000000,-0.000017,0.000000
1.071999,0.000000,2.000000,0.000000,2.001409,-0.000000,-0.001409,-1.001017,1.001017,-0.000000,-0.000017,0.000000
1.071999,0.000000,2.000000,0.000000,2.001409,-0.000000,-0.001409,-1.001017,1.001017,-0.000000,-0.000017,0.000000
1.087999,0.000000,2.000000,0.000000,2.001318,-0.000000,-0.001318,-1.000975,1.000975,-0.000000,-0.000017,0.000000
1.087999,0.000000,2.000000,0.000000,2.001318,-0.000000,-0.001318,-1.000975,1.000975,-0.000000,-0.000017,0.000000
1.103999,0.000000,2.000000,0.000000,2.001234,-0.000000,-0.001234,-1.000935,1.000935,-0.000000,-0.000017,0.000000
1.103999,0.000000,2.000000,0.000000,2.001234,-0.000000,-0.001234,-1.000935,1.000935,-0.000000,-0.000017,0.000000
1.119999,0.000000,2.000000,0.000000,2.001154,-0.000000,-0.001154,-1.000898,1.000898,-0.000000,-0.000017,0.000000
1.119999,0.000000,2.000000,0.000000,2.001154,-0.000000,-0.001154,-1.000898,1.000898,-0.000000,-0.000017,0.000000
1.135999,0.000000,2.000000,0.000000,2.001080,-0.000000,-0.001080,-1.000864,1.000864,-0.000000,-0.000017,0.000000
1.135999,0.000000,2.000000,0.000000,2.001080,-0.000000,-0.001080,-1.000864,1.000864,-0.000000,-0.000017,0.000000
1.151999,0.000000,2.000000,0.000000,2.001011,-0.000000,-0.001011,-1.000831,1.000831,-0.000000,-0.000017,0.000000
1.151999,0.000000,2.000000,0.000000,2.001011,-0.000000,-0.001011,-1.000831,1.000831,-0.000000,-0.000017,0.000000
1.168000,0.000000,2.000000,0.000000,2.000946,-0.000000,-0.000946,-1.000801,1.000801,-0.000000,-0.000017,0.000000
1.168000,0.000000,2.000000,0.000000,2.000946,-0.000000,-0.000946,-1.000801,1.000801,-0.000000,-0.000017,0.000000
1.184000,0.000000,2.000000,0.000000,2.000885,-0.000000,-0.000885,-1.000773,1.000773,-0.000000,-0.000017,0.000000
1.184000,0.000000,2.000000,0.000000,2.000885,-0.000000,-0.000885,-1.000773,1.000773,-0.000000,-0.000017,0.000000
1.200000,0.000000,2.000000,0.000000,2.000827,-0.000000,-0.000827,-1.000746,1.000746,-0.000000,-0.000017,0.000000
1.200000,0.000000,2.000000,0.000000,2.000827,-0.000000,-0.000827,-1.000746,1.000746,-0.000000,-0.000017,0.000000
1.216000,0.000000,2.000000,0.000000,2.000774,-0.000000,-0.000774,-1.000721,1.000721,-0.000000,-0.000017,0.000000
1.216000,0.000000,2.000000,0.000000,2.000774,-0.000000,-0.000774,-1.000721,1.000721,-0.000000,-0.000017,0.000000
1.232000,0.000000,2.000000,0.000000,2.000723,-0.000000,-0.000723,-1.000698,1.000698,-0.000000,-0.000017,0.000000
1.232000,0.000000,2.000000,0.000000,2.000723,-0.000000,-0.000723,-1.000698,1.000698,-0.000000,-0.000017,0.000000
1.248000,0.000000,2.000000,0.000000,2.000676,-0.000000,-0.000676,-1.000677,1.000677,-0.000000,-0.000017,0.000000
1.248000,0.000000,2.000000,0.000000,2.000676,-0.000000,-0.000676,-1.000677,1.000677,-0.000000,-0.000017,0.000000
1.264000,0.000000,2.000000,0.000000,2.000632,-0.000000,-0.000632,-1.000656,1.000656,-0.000000,-0.000017,0.000000
1.264000,0.000000,2.000000,0.000000,2.000632,-0.000000,-0.000632,-1.000656,1.000656,-0.000000,-0.000017,0.000000
1.280000,0.000000,2.000000,0.000000,2.000590,-0.000000,-0.000590,-1.000638,1.000638,-0.000000,-0.000017,0.000000
1.280000,0.000000,2.000000,0.000000,2.000590,-0.000000,-0.000590,-1.000638,1.000638,-0.000000,-0.000017,0.000000
1.296000,0.000000,2.000000,0.000000,2.000551,-0.000000,-0.000551,-1.000620,1.000620,-0.000000,-0.000017,0.000000
1.296000,0.000000,2.000000,0.000000,2.000551,-0.000000,-0.000551,-1.000620,1.000620,-0.000000,-0.000017,0.000000
1.312000,0.000000,2.000000,0.000000,2.000514,-0.000000,-0.000514,-1.000603,1.000603,-0.000000,-0.000017,0.000000
1.312000,0.000000,2.000000,0.000000,2.000514,-0.000000,-0.000514,-1.000603,1.000603,-0.000000,-0.000017,0.000000
1.328000,0.000000,2.000000,0.000000,2.000479,-0.000000,-0.000479,-1.000588,1.000588,-0.000000,-0.000017,0.000000
1.328000,0.000000,2.000000,0.000000,2.000479,-0.000000,-0.000479,-1.000588,1.000588,-0.000000,-0.000017,0.000000
1.344000,0.000000,2.000000,0.000000,2.000446,-0.000000,-0.000446,-1.000574,1.000574,-0.000000,-0.000017,0.000000
1.344000,0.000000,2.000000,0.000000,2.000446,-0.000000,-0.000446,-1.000574,1.000574,-0.000000,-0.000017,0.000000
1.360000,0.000000,2.000000,0.000000,2.000414,-0.000000,-0.000414,-1.000561,1.000561,-0.000000,-0.000017,0.000000
1.360000,0.000000,2.000000,0.000000,2.000414,-0.000000,-0.000414,-1.000561,1.000561,-0.000000,-0.000017,0.000000
1.376000,0.000000,2.000000,0.000000,2.000383,-0.000000,-0.000383,-1.000548,1.000548,-0.000000,-0.000017,0.000000
1.376000,0.000000,2.000000,0.000000,2.000383,-0.000000,-0.000383,-1.000548,1.000548,-0.000000,-0.000017,0.000000
1.392000,0.000000,2.000000,0.000000,2.000354,-0.000000,-0.000354,-1.000537,1.000537,-0.000000,-0.000017,0.000000
1.392000,0.000000,2.000000,0.000000,2.000354,-0.000000,-0.000354,-1.000537,1.000537,-0.000000,-0.000017,0.000000
1.408000,0.000000,2.000000,0.000000,2.000324,-0.000000,-0.000324,-1.000527,1.000527,-0.000000,-0.000017,0.000000
1.408000,0.000000,2.000000,0.000000,2.000324,-0.000000,-0.000324,-1.000527,1.000527,-0.000000,-0.000017,0.000000
1.424000,0.000000,2.000000,0.000000,2.000295,-0.000000,-0.000295,-1.000517,1.000517,-0.000000,-0.000017,0.000000
1.424000,0.000000,2.000000,0.000000,2.000295,-0.000000,-0.000295,-1.000517,1.000517,-0.000000,-0.000017,0.000000
1.440000,0.000000,2.000000,0.000000,2.000264,-0.000000,-0.000264,-1.000509,1.000509,-0.000000,-0.000017,0.000000
1.440000,0.000000,2.000000,0.000000,2.000264,-0.000000,-0.000264,-1.000509,1.000509,-0.000000,-0.000017,0.000000
1.456000,0.000000,2.000000,0.000000,2.000231,-0.000000,-0.000231,-1.000501,1.000501,-0.000000,-0.000017,0.000000
1.456000,0.000000,2.000000,0.000000,2.000231,-0.000000,-0.000231,-1.000501,1.000501,-0.000000,-0.000017,0.000000
1.472000,0.000000,2.000000,0.000000,2.000191,-0.000000,-0.000191,-1.000495,1.000495,-0.000000,-0.000017,0.000000
1.472000,0.000000,2.000000,0.000000,2.000191,-0.000000,-0.000191,-1.000495,1.000495,-0.000000,-0.000017,0.000000
1.488000,0.000000,2.000000,0.000000,2.000141,-0.000000,-0.000141,-1.000491,1.000491,-0.000000,-0.000017,0.000000
1.488000,0.000000,2.000000,0.000000,2.000141,-0.000000,-0.000141,-1.000491,1.000491,-0.000000,-0.000017,0.000000
1.504000,0.000000,2.000000,0.000000,2.000068,-0.000000,-0.000068,-1.000489,1.000489,-0.000000,-0.000017,0.000000
1.504000,0.000000,2.000000,0.000000,2.000068,-0.000000,-0.000068,-1.000489,1.000489,-0.000000,-0.000017,0.000000
1.520000,0.000000,2.000000,0.000000,1.999942,-0.000000,0.000058,-1.000490,1.000490,-0.000000,-0.000017,0.000000
1.520000,0.000000,2.000000,0.000000,1.999942,-0.000000,0.000058,-1.000490,1.000490,-0.000000,-0.000017,0.000000
1.536000,0.000000,2.000000,0.000000,1.999670,-0.000000,0.000330,-1.000501,1.000501,-0.000000,-0.000017,0.000000
1.536000,0.000000,2.000000,0.000000,1.999670,-0.000000,0.000330,-1.000501,1.000501,-0.000000,-0.000017,0.000000
1.552000,0.000000,2.000000,0.000000,1.998812,-0.000000,0.001188,-1.000539,1.000539,-0.000000,-0.000017,0.000000
1.552000,0.000000,2.000000,0.000000,1.998812,-0.000000,0.001188,-1.000539,1.000539,-0.000000,-0.000017,0.000000
1.568000,0.000000,2.000000,0.000000,1.990950,-0.000000,0.009050,-1.000829,1.000829,-0.000000,-0.000017,0.000000
1.568000,0.000000,2.000000,0.000000,1.990950,-0.000000,0.009050,-1.000829,1.000829,-0.000000,-0.000017,0.000000
1.584000,0.000000,2.000000,0.000000,2.021471,-0.000000,-0.021471,-1.000142,1.000142,-0.000000,-0.000017,0.000000
1.584000,0.000000,2.000000,0.000000,2.021471,-0.000000,-0.021471,-1.000142,1.000142,-0.000000,-0.000017,0.000000
1.600000,0.000000,2.000000,0.000000,1.994929,-0.000000,0.005071,-1.000304,1.000304,-0.000000,-0.000017,0.000000
1.600000,0.000000,2.000000,0.000000,1.994929,-0.000000,0.005071,-1.000304,1.000304,-0.000000,-0.000017,0.000000
1.616000,0.000000,2.000000,0.000000,1.998780,-0.000000,0.001220,-1.000343,1.000343,-0.000000,-0.000017,0.000000
1.616000,0.000000,2.000000,0.000000,1.998780,-0.000000,0.001220,-1.000343,1.000343,-0.000000,-0.000017,0.000000
1.632000,0.000000,2.000000,0.000000,1.999474,-0.000000,0.000526,-1.000360,1.000360,-0.000000,-0.000017,0.000000
1.632000,0.000000,2.000000,0.000000,1.999474,-0.000000,0.000526,-1.000360,1.000360,-0.000000,-0.000017,0.000000
1.648000,0.000000,2.000000,0.000000,1.999725,-0.000000,0.000275,-1.000368,1.000368,-0.000000,-0.000017,0.000000
1.648000,0.000000,2.000000,0.000000,1.999725,-0.000000,0.000275,-1.000368,1.000368,-0.000000,-0.000017,0.000000
1.664001,0.000000,2.000000,0.000000,1.999844,-0.000000,0.000156,-1.000373,1.000373,-0.000000,-0.000017,0.000000
1.664001,0.000000,2.000000,0.000000,1.999844,-0.000000,0.000156,-1.000373,1.000373,-0.000000,-0.000017,0.000000
1.680001,0.000000,2.000000,0.000000,1.999910,-0.000000,0.000090,-1.000376,1.000376,-0.000000,-0.000017,0.000000
1.680001,0.000000,2.000000,0.000000,1.999910,-0.000000,0.000090,-1.000376,1.000376,-0.000000,-0.000017,0.000000
1.696001,0.000000,2.000000,0.000000,1.999949,-0.000000,0.000051,-1.000378,1.000378,-0.000000,-0.000017,0.000000
1.696001,0.000000,2.000000,0.000000,1.999949,-0.000000,0.000051,-1.000378,1.000378,-0.000000,-0.000017,0.000000
1.712001,0.000000,2.000000,0.000000,1.999974,-0.000000,0.000026,-1.000379,1.000379,-0.000000,-0.000017,0.000000
1.712001,0.000000,2.000000,0.000000,1.999974,-0.000000,0.000026,-1.000379,1.000379,-0.000000,-0.000017,0.000000
1.728001,0.000000,2.000000,0.000000,1.999991,-0.000000,0.000009,-1.000379,1.000379,-0.000000,-0.000017,0.000000
1.728001,0.000000,2.000000,0.000000,1.999991,-0.000000,0.000009,-1.000379,1.000379,-0.000000,-0.000017,0.000000
1.744001,0.000000,2.000000,0.000000,2.000003,-0.000000,-0.000003,-1.000379,1.000379,-0.000000,-0.000017,0.000000
1.744001,0.000000,2.000000,0.000000,2.000003,-0.000000,-0.000003,-1.000379,1.000379,-0.000000,-0.000017,0.000000
1.760001,0.000000,2.000000,0.000000,2.000011,-0.000000,-0.000011,-1.000379,1.000379,-0.000000,-0.000017,0.000000
1.760001,0.000000,2.000000,0.000000,2.000011,-0.000000,-0.000011,-1.000379,1.000379,-0.000000,-0.000017,0.000000
1.776001,0.000000,2.000000,0.000000,2.000016,-0.000000,-0.000016,-1.000378,1.000378,-0.000000,-0.000017,0.000000
1.776001,0.000000,2.000000,0.000000,2.000016,-0.000000,-0.000016,-1.000378,1.000378,-0.000000,-0.000017,0.000000
1.792001,0.000000,2.000000,0.000000,2.000020,-0.000000,-0.000020,-1.000378,1.000378,-0.000000,-0.000017,0.000000
1.792001,0.000000,2.000000,0.000000,2.000020,-0.000000,-0.000020,-1.000378,1.000378,-0.000000,-0.000017,0.000000
1.808001,0.000000,2.000000,0.000000,2.000022,-0.000000,-0.000022,-1.000377,1.000377,-0.000000,-0.000017,0.000000
1.808001,0.000000,2.000000,0.000000,2.000022,-0.000000,-0.000022,-1.000377,1.000377,-0.000000,-0.000017,0.000000
1.824001,0.000000,2.000000,0.000000,2.000024,-0.000000,-0.000024,-1.000376,1.000376,-0.000000,-0.000017,0.000000
1.824001,0.000000,2.000000,0.000000,2.000024,-0.000000,-0.000024,-1.000376,1.000376,-0.000000,-0.000017,0.000000
1.840001,0.000000,2.000000,0.000000,2.000025,-0.000000,-0.000025,-1.000375,1.000375,-0.000000,-0.000017,0.000000
1.840001,0.000000,2.000000,0.000000,2.000025,-0.000000,-0.000025,-1.000375,1.000375,-0.000000,-0.000017,0.000000
1.856001,0.000000,2.000000,0.000000,2.000026,-0.000000,-0.000026,-1.000374,1.000374,-0.000000,-0.000017,0.000000
1.856001,0.000000,2.000000,0.000000,2.000026,-0.000000,-0.000026,-1.000374,1.000374,-0.000000,-0.000017,0.000000
1.872001,0.000000,2.000000,0.000000,2.000026,-0.000000,-0.000026,-1.000374,1.000374,-0.000000,-0.000017,0.000000
1.872001,0.000000,2.000000,0.000000,2.000026,-0.000000,-0.000026,-1.000374,1.000374,-0.000000,-0.000017,0.000000
1.888001,0.000000,2.000000,0.000000,2.000025,-0.000000,-0.000025,-1.000373,1.000373,-0.000000,-0.000017,0.000000
1.888001,0.000000,2.000000,0.000000,2.000025,-0.000000,-0.000025,-1.000373,1.000373,-0.000000,-0.000017,0.000000
1.904001,0.000000,2.000000,0.000000,2.000025,-0.000000,-0.000025,-1.000372,1.000372,-0.000000,-0.000017,0.000000
1.904001,0.000000,2.000000,0.000000,2.000025,-0.000000,-0.000025,-1.000372,1.000372,-0.000000,-0.000017,0.000000
1.920001,0.000000,2.000000,0.000000,2.000025,-0.000000,-0.000025,-1.000371,1.000371,-0.000000,-0.000017,0.000000
1.920001,0.000000,2.000000,0.000000,2.000025,-0.000000,-0.000025,-1.000371,1.000371,-0.000000,-0.000017,0.000000
1.936001,0.000000,2.000000,0.000000,2.000024,-0.000000,-0.000024,-1.000371,1.000371,-0.000000,-0.000017,0.000000
1.936001,0.000000,2.000000,0.000000,2.000024,-0.000000,-0.000024,-1.000371,1.000371,-0.000000,-0.000017,0.000000
1.952001,0.000000,2.000000,0.000000,2.000023,-0.000000,-0.000023,-1.000370,1.000370,-0.000000,-0.000017,0.000000
1.952001,0.000000,2.000000,0.000000,2.000023,-0.000000,-0.000023,-1.000370,1.000370,-0.000000,-0.000017,0.000000
1.968001,0.000000,2.000000,0.000000,2.000022,-0.000000,-0.000022,-1.000369,1.000369,-0.000000,-0.000017,0.000000
1.968001,0.000000,2.000000,0.000000,2.000022,-0.000000,-0.000022,-1.000369,1.000369,-0.000000,-0.000017,0.000000
1.984001,0.000000,2.000000,0.000000,2.000021,-0.000000,-0.000021,-1.000368,1.000368,-0.000000,-0.000017,0.000000
1.984001,0.000000,2.000000,0.000000,2.000021,-0.000000,-0.000021,-1.000368,1.000368,-0.000000,-0.000017,0.000000
